{
    "1": 3160.95166015625,
    "3": 2170.7119140625,
    "8": 2850.71484375,
    "10": 3187.181640625,
    "13": 1987.3321533203125
}