{
    "0": 2507.4814453125,
    "2": 2660.35693359375,
    "4": 3061.377685546875,
    "5": 1566.1693115234375,
    "7": 2197.833984375,
    "9": 2137.6767578125,
    "11": 2498.97900390625,
    "12": 2197.61328125,
    "14": 3126.958251953125,
    "15": 2580.685546875
}